{
  "distance": 732.900516292657,
  "wind_speed": 2.23,
  "position_x": 81.006147,
  "position_y": 26.841291,
  "position_z": 100,
  "speed": 10,
  "payload": 800,
  "angular": 0.5
}